<metadata><eainfo><detailed Name="spot_elevation"><enttyp><enttypl>ELEVATION</enttypl><enttypt Sync="TRUE">Feature Class</enttypt><enttypc Sync="TRUE">0</enttypc></enttyp><attr><attrlabl>SHAPE</attrlabl><attrdef>Feature geometry.</attrdef><attrdefs>ESRI</attrdefs><attrdomv><udom>Coordinates defining the features.</udom></attrdomv><attalias Sync="TRUE">Shape</attalias><attrtype Sync="TRUE">Geometry</attrtype><attwidth Sync="TRUE">0</attwidth><atprecis Sync="TRUE">0</atprecis><attscale Sync="TRUE">0</attscale></attr><attr><attrlabl>ELEVATION</attrlabl><attalias Sync="TRUE">ELEVATION</attalias><attrtype Sync="TRUE">Double</attrtype><attwidth Sync="TRUE">19</attwidth><atprecis Sync="TRUE">18</atprecis><attscale Sync="TRUE">8</attscale></attr><attr><attrlabl>SOURCE_ID</attrlabl><attalias Sync="TRUE">SOURCE_ID</attalias><attrtype Sync="TRUE">Double</attrtype><attwidth Sync="TRUE">19</attwidth><atprecis Sync="TRUE">18</atprecis><attscale Sync="TRUE">8</attscale><attrdef>Unique Feature Identification Number.</attrdef></attr><attr><attrlabl Sync="TRUE">FID</attrlabl><attalias Sync="TRUE">FID</attalias><attrtype Sync="TRUE">OID</attrtype><attwidth Sync="TRUE">4</attwidth><atprecis Sync="TRUE">0</atprecis><attscale Sync="TRUE">0</attscale><attrdef Sync="TRUE">Internal feature number.</attrdef><attrdefs Sync="TRUE">Esri</attrdefs><attrdomv><udom Sync="TRUE">Sequential unique whole numbers that are automatically generated.</udom></attrdomv></attr><attr><attrlabl>STATUS</attrlabl><attalias Sync="TRUE">STATUS</attalias><attrtype Sync="TRUE">String</attrtype><attwidth Sync="TRUE">12</attwidth><atprecis Sync="TRUE">0</atprecis><attscale Sync="TRUE">0</attscale><attrdef>Attribute LookUp Table:

New- Newly collected in 2014 
Updated- Feature has changed in 2014 collection 
Unchanged- No change in 2014 collection
</attrdef></attr><subtype><stname Sync="TRUE">Spot Elevation</stname><stcode Sync="TRUE">3000</stcode><stfield><stfldnm Sync="TRUE">FEATURE_CODE</stfldnm><stflddv Sync="TRUE">3000</stflddv></stfield><stfield><stfldnm Sync="TRUE">SUB_FEATURE_CODE</stfldnm><stflddd><domname Sync="TRUE">dSpotElevation</domname><domdesc Sync="TRUE">Domain for Spot Elevation</domdesc><domtype Sync="TRUE">Coded Value</domtype><mrgtype Sync="TRUE">Default value</mrgtype><splttype Sync="TRUE">Duplicate</splttype><domowner Sync="TRUE"></domowner><domfldtp Sync="TRUE">Integer</domfldtp></stflddd></stfield><stfield><stfldnm Sync="TRUE">STATUS</stfldnm><stflddd><domname Sync="TRUE">dStatus</domname><domdesc Sync="TRUE">Domain for Feature Update Status</domdesc><domtype Sync="TRUE">Coded Value</domtype><mrgtype Sync="TRUE">Default value</mrgtype><splttype Sync="TRUE">Duplicate</splttype><domowner Sync="TRUE"></domowner><domfldtp Sync="TRUE">String</domfldtp></stflddd></stfield></subtype><subtype><stname Sync="TRUE">Water Elevation</stname><stcode Sync="TRUE">3010</stcode><stfield><stfldnm Sync="TRUE">FEATURE_CODE</stfldnm><stflddv Sync="TRUE">3000</stflddv></stfield><stfield><stfldnm Sync="TRUE">SUB_FEATURE_CODE</stfldnm><stflddd><domname Sync="TRUE">dWaterElevation</domname><domdesc Sync="TRUE">Domain for Water Elevation</domdesc><domtype Sync="TRUE">Coded Value</domtype><mrgtype Sync="TRUE">Default value</mrgtype><splttype Sync="TRUE">Default value</splttype><domowner Sync="TRUE"></domowner><domfldtp Sync="TRUE">Integer</domfldtp></stflddd></stfield><stfield><stfldnm Sync="TRUE">STATUS</stfldnm><stflddd><domname Sync="TRUE">dStatus</domname><domdesc Sync="TRUE">Domain for Feature Update Status</domdesc><domtype Sync="TRUE">Coded Value</domtype><mrgtype Sync="TRUE">Default value</mrgtype><splttype Sync="TRUE">Duplicate</splttype><domowner Sync="TRUE"></domowner><domfldtp Sync="TRUE">String</domfldtp></stflddd></stfield></subtype><attr><attrlabl Sync="TRUE">FEATURE_CO</attrlabl><attalias Sync="TRUE">FEATURE_CO</attalias><attrtype Sync="TRUE">Integer</attrtype><attwidth Sync="TRUE">5</attwidth><atprecis Sync="TRUE">5</atprecis><attscale Sync="TRUE">0</attscale></attr><attr><attrlabl Sync="TRUE">SUB_FEATUR</attrlabl><attalias Sync="TRUE">SUB_FEATUR</attalias><attrtype Sync="TRUE">Integer</attrtype><attwidth Sync="TRUE">10</attwidth><atprecis Sync="TRUE">10</atprecis><attscale Sync="TRUE">0</attscale></attr><subtype><stname Sync="TRUE">Building Elevation</stname><stcode Sync="TRUE">3020</stcode><stfield><stfldnm Sync="TRUE">FEATURE_CODE</stfldnm><stflddv Sync="TRUE">3000</stflddv></stfield><stfield><stfldnm Sync="TRUE">SUB_FEATURE_CODE</stfldnm><stflddd><domname Sync="TRUE">dBuildingElevation</domname><domdesc Sync="TRUE">Domain for Building Elevation</domdesc><domtype Sync="TRUE">Coded Value</domtype><mrgtype Sync="TRUE">Default value</mrgtype><splttype Sync="TRUE">Default value</splttype><domowner Sync="TRUE"></domowner><domfldtp Sync="TRUE">Integer</domfldtp></stflddd></stfield><stfield><stfldnm Sync="TRUE">STATUS</stfldnm><stflddd><domname Sync="TRUE">dStatus</domname><domdesc Sync="TRUE">Domain for Feature Update Status</domdesc><domtype Sync="TRUE">Coded Value</domtype><mrgtype Sync="TRUE">Default value</mrgtype><splttype Sync="TRUE">Duplicate</splttype><domowner Sync="TRUE"></domowner><domfldtp Sync="TRUE">String</domfldtp></stflddd></stfield></subtype></detailed></eainfo><Esri><CreaDate>20240418</CreaDate><CreaTime>09124700</CreaTime><ArcGISFormat>1.0</ArcGISFormat><DataProperties><itemProps><itemName Sync="TRUE">spot_elevation</itemName><nativeExtBox><westBL Sync="TRUE">913291.264281</westBL><eastBL Sync="TRUE">1067482.469350</eastBL><southBL Sync="TRUE">120275.913698</southBL><northBL Sync="TRUE">272687.630527</northBL><exTypeCode Sync="TRUE">1</exTypeCode></nativeExtBox><itemLocation><linkage Sync="TRUE">file://\\T2UA64237XN\C$\gis\geodatabase-buildings-height\data\spot_elevation.shp</linkage><protocol Sync="TRUE">Local Area Network</protocol></itemLocation><imsContentType>002</imsContentType><itemSize Sync="TRUE">0.000</itemSize></itemProps><coordRef><type Sync="TRUE">Projected</type><geogcsn Sync="TRUE">GCS_North_American_1983</geogcsn><csUnits Sync="TRUE">Linear Unit: Foot_US (0.304801)</csUnits><projcsn Sync="TRUE">NAD_1983_StatePlane_New_York_Long_Island_FIPS_3104_Feet</projcsn><peXml Sync="TRUE">&lt;ProjectedCoordinateSystem xsi:type='typens:ProjectedCoordinateSystem' xmlns:xsi='http://www.w3.org/2001/XMLSchema-instance' xmlns:xs='http://www.w3.org/2001/XMLSchema' xmlns:typens='http://www.esri.com/schemas/ArcGIS/3.2.0'&gt;&lt;WKT&gt;PROJCS[&amp;quot;NAD_1983_StatePlane_New_York_Long_Island_FIPS_3104_Feet&amp;quot;,GEOGCS[&amp;quot;GCS_North_American_1983&amp;quot;,DATUM[&amp;quot;D_North_American_1983&amp;quot;,SPHEROID[&amp;quot;GRS_1980&amp;quot;,6378137.0,298.257222101]],PRIMEM[&amp;quot;Greenwich&amp;quot;,0.0],UNIT[&amp;quot;Degree&amp;quot;,0.0174532925199433]],PROJECTION[&amp;quot;Lambert_Conformal_Conic&amp;quot;],PARAMETER[&amp;quot;False_Easting&amp;quot;,984250.0],PARAMETER[&amp;quot;False_Northing&amp;quot;,0.0],PARAMETER[&amp;quot;Central_Meridian&amp;quot;,-74.0],PARAMETER[&amp;quot;Standard_Parallel_1&amp;quot;,40.66666666666666],PARAMETER[&amp;quot;Standard_Parallel_2&amp;quot;,41.03333333333333],PARAMETER[&amp;quot;Latitude_Of_Origin&amp;quot;,40.16666666666666],UNIT[&amp;quot;Foot_US&amp;quot;,0.3048006096012192],AUTHORITY[&amp;quot;EPSG&amp;quot;,2263]]&lt;/WKT&gt;&lt;XOrigin&gt;-120039300&lt;/XOrigin&gt;&lt;YOrigin&gt;-96540300&lt;/YOrigin&gt;&lt;XYScale&gt;37212589.015695661&lt;/XYScale&gt;&lt;ZOrigin&gt;-100000&lt;/ZOrigin&gt;&lt;ZScale&gt;10000&lt;/ZScale&gt;&lt;MOrigin&gt;-100000&lt;/MOrigin&gt;&lt;MScale&gt;10000&lt;/MScale&gt;&lt;XYTolerance&gt;0.0032808333333333331&lt;/XYTolerance&gt;&lt;ZTolerance&gt;0.001&lt;/ZTolerance&gt;&lt;MTolerance&gt;0.001&lt;/MTolerance&gt;&lt;HighPrecision&gt;true&lt;/HighPrecision&gt;&lt;WKID&gt;102718&lt;/WKID&gt;&lt;LatestWKID&gt;2263&lt;/LatestWKID&gt;&lt;/ProjectedCoordinateSystem&gt;</peXml></coordRef><lineage><Process ToolSource="c:\program files\arcgis\pro\Resources\ArcToolbox\Toolboxes\Data Management Tools.tbx\Rename" Date="20240410" Time="101337">Rename D:\temp\NYC_OTI_Planimetric_2022_Deliverable.gdb\NYCPlanimetric\ELEVATION D:\temp\NYC_OTI_Planimetric_2022_Deliverable.gdb\NYCPlanimetric\ELEVATION3D FeatureClass</Process><Process ToolSource="c:\program files\arcgis\pro\Resources\ArcToolbox\toolboxes\Conversion Tools.tbx\ExportFeatures" Date="20240410" Time="135933">ExportFeatures D:\temp\NYC_OTI_Planimetric_2022_Deliverable.gdb\NYCPlanimetric\ELEVATION3D "\\doitt.nycnet\root\MT_User_Data\mschell\My Documents\ArcGIS\Projects\MyProject56\MyProject56.gdb\ELEVATION" # NOT_USE_ALIAS "ELEVATION "ELEVATION" true false false 8 Double 0 0,First,#,D:\temp\NYC_OTI_Planimetric_2022_Deliverable.gdb\NYCPlanimetric\ELEVATION3D,ELEVATION,-1,-1;SOURCE_ID "SOURCE_ID" true false false 8 Double 0 0,First,#,D:\temp\NYC_OTI_Planimetric_2022_Deliverable.gdb\NYCPlanimetric\ELEVATION3D,SOURCE_ID,-1,-1;FEATURE_CODE "FEATURE_CODE" true false false 2 Short 0 0,First,#,D:\temp\NYC_OTI_Planimetric_2022_Deliverable.gdb\NYCPlanimetric\ELEVATION3D,FEATURE_CODE,-1,-1;SUB_FEATURE_CODE "SUB_FEATURE_CODE" true false false 4 Long 0 0,First,#,D:\temp\NYC_OTI_Planimetric_2022_Deliverable.gdb\NYCPlanimetric\ELEVATION3D,SUB_FEATURE_CODE,-1,-1;STATUS "STATUS" true false false 12 Text 0 0,First,#,D:\temp\NYC_OTI_Planimetric_2022_Deliverable.gdb\NYCPlanimetric\ELEVATION3D,STATUS,0,11" #</Process><Process ToolSource="c:\program files\arcgis\pro\Resources\ArcToolbox\Toolboxes\Data Management Tools.tbx\CopyMultiple" Date="20240418" Time="091248">CopyMultiple "'\\doitt.nycnet\root\MT_User_Data\mschell\My Documents\ArcGIS\Projects\MyProject56\MyProject56.gdb\ELEVATION' FeatureClass" C:\gis\Connections\oracle19c\prd\GIS-ditGSpd1\planimetrics_2022.sde ELEVATION "ELEVATION FeatureClass PLANIMETRICS_2022.ELEVATION #"</Process><Process ToolSource="c:\program files\arcgis\pro\Resources\ArcToolbox\toolboxes\Conversion Tools.tbx\ExportFeatures" Date="20241107" Time="144634">ExportFeatures PLANIMETRICS_2022.ELEVATION C:\gis\geodatabase-buildings-height\data\spot_elevation.shp "FEATURE_CODE = 3000" NOT_USE_ALIAS "ELEVATION "ELEVATION" true true false 8 Double 8 38,First,#,PLANIMETRICS_2022.ELEVATION,ELEVATION,-1,-1;SOURCE_ID "SOURCE_ID" true true false 8 Double 8 38,First,#,PLANIMETRICS_2022.ELEVATION,SOURCE_ID,-1,-1;FEATURE_CODE "FEATURE_CODE" true true false 2 Short 0 5,First,#,PLANIMETRICS_2022.ELEVATION,FEATURE_CODE,-1,-1;SUB_FEATURE_CODE "SUB_FEATURE_CODE" true true false 4 Long 0 10,First,#,PLANIMETRICS_2022.ELEVATION,SUB_FEATURE_CODE,-1,-1;STATUS "STATUS" true true false 12 Text 0 0,First,#,PLANIMETRICS_2022.ELEVATION,STATUS,0,11" #</Process></lineage></DataProperties><SyncDate>20241107</SyncDate><SyncTime>14450400</SyncTime><ModDate>20241107</ModDate><ModTime>14450400</ModTime><ArcGISProfile>ISO19115_3</ArcGISProfile><SyncOnce>FALSE</SyncOnce><scaleRange><minScale>150000000</minScale><maxScale>5000</maxScale></scaleRange></Esri><mdLang><languageCode value="eng"/><countryCode value="US"/></mdLang><mdChar><CharSetCd value="004"/></mdChar><mdHrLv><ScopeCd value="005"/></mdHrLv><mdHrLvName>dataset</mdHrLvName><mdDateSt Sync="TRUE">20241107</mdDateSt><mdTimeSt>000000</mdTimeSt><mdStanName>ArcGIS Metadata</mdStanName><mdStanVer>1.0</mdStanVer><distInfo><distFormat><formatName>File Geodatabase Feature Class</formatName></distFormat><distTranOps><transSize Sync="TRUE">0.000</transSize></distTranOps></distInfo><dataIdInfo><idCitation><resTitle>ELEVATION</resTitle><date><pubDate>2023-10-29T00:00:00</pubDate></date><resEd>2022 Planimetrics</resEd><presForm><PresFormCd value="005"/></presForm></idCitation><idAbs>&lt;DIV STYLE="text-align:Left;"&gt;&lt;DIV&gt;&lt;P&gt;&lt;SPAN&gt;This feature class contains elevation points throughout the city of the following types:&lt;/SPAN&gt;&lt;/P&gt;&lt;P&gt;&lt;SPAN&gt;BUILDING ELEVATION - Elevation of the highest portion of the roof of a building, excluding antennae and roof fixtures such as air conditioning (AC), elevator shafts, chimneys, etc.&lt;/SPAN&gt;&lt;/P&gt;&lt;P&gt;&lt;SPAN&gt;WATER ELEVATION - Elevation on standing water (ponds, reservoirs, lakes).&lt;/SPAN&gt;&lt;/P&gt;&lt;P&gt;&lt;SPAN&gt;SPOT ELEVATION –Elevation points collected in the center of the roadbed (coincident with CSCL), captured at beginning, mid-point, end, and at 200’spacing of the visible roadbed. Spot elevations are captured on paved, unpaved, alley subtypes in CSCL Centerline and all of Interior Sidewalk Centerline. Spot elevations will not be captured to a CSCL if no roadbed exists.&lt;/SPAN&gt;&lt;/P&gt;&lt;P&gt;&lt;SPAN&gt;BRIDGE ELEVATION - Elevation points captured at beginning, mid-point, end, and at 200’spacing of the visible bridge deck. &lt;/SPAN&gt;&lt;/P&gt;&lt;P&gt;&lt;SPAN&gt;Digital planimetrics are derived using the imagery products delivered with the 2022 New York Statewide Flyover (see Summary for specific flight dates), which includes raw imagery collected to support the generation of 0.5 Ft Ground Sample Distance (GSD) natural color imagery. The images were captured with 80% forward lap and side lap to support 1”=100’ mapping and meet the distortion free requirements within New York City. Planimetrics are developed to meet American Society for Photogrammetry and Remote Sensing (ASPRS) Class 1 (one) horizontal mapping standards and ASPRS vertical Class 2 (two) accuracy specifications. Planimetrics are delivered via an ESRI file geodatabase in New York State Plane Coordinate System, Long Island East Zone, NAD83, US foot (EPSG: 2263).&lt;/SPAN&gt;&lt;/P&gt;&lt;/DIV&gt;&lt;/DIV&gt;</idAbs><idPurp>
A primary goal of the NYC Citywide basemap is to maintain the accuracy and quality of the base data which includes the orthophotography and planimetrics, collectively known as NYCMap. This base data is the foundation upon which virtually all other GIS information within the City of New York is built. Ensuring its completeness and accuracy is fundamental to the Group’s core mission. 

For this dataset, the source imagery was captured on the following dates:

    Manhattan – 3/18/2022
    Bronx - 3/16/2022
    Brooklyn - 3/16/2022, 3/30/2022
    Queens - 3/16/2022, 3/30/2022
    Staten Island – 3/16/2022

Using this orthoimagery, the planimetric base layers were updated citywide starting in November 2022 and were completed in October 2023.

Contact - Steven Bezman
Deputy Commissioner, Applications
New York City Office of Technology &amp; Innovation (NYC OTI)
2 Metrotech Center, Brooklyn, New York 11202
Email: sbezman@oti.nyc.gov</idPurp><idCredit>The New York City Office of Technology &amp; Innovation funded and coordinated the MYCMap update project. The Sanborn Map Company Inc. produced the data, and CARSI (Center for Advanced Analysis of Spatial Information) at Hunter College managed the project and conducted quality assurance for the data product.
        </idCredit><idPoC><role><RoleCd value="007"/></role><rpOrgName>Office of Technology &amp; Innovation - OTI - City of New York</rpOrgName><rpCntInfo><cntAddress><delPoint>2 Metrotech Center</delPoint><city>Brooklyn</city><adminArea>New York</adminArea><postCode>11201</postCode><country>US</country><eMailAdd>csbezman@oti.nyc.gov</eMailAdd></cntAddress></rpCntInfo><individual><rpIndName>Steven Bezman</rpIndName><rpPosName>Deputy Commissioner, Applications</rpPosName></individual></idPoC><themeKeys><keyword>NYCMap</keyword><keyword>Elevation</keyword><keyword>Landbase</keyword><keyword>Basemap</keyword><keyword>Elevation Points</keyword><keyword>Planimetric</keyword></themeKeys><themeKeys><thesaName><resTitle>ISO 19115 Topic Categories</resTitle></thesaName><keyword>structure</keyword><keyword>imageryBaseMapsEarthCover</keyword><keyword>transportation</keyword></themeKeys><searchKeys><keyword>NYCMap</keyword><keyword>Elevation</keyword><keyword>Landbase</keyword><keyword>Basemap</keyword><keyword>Elevation Points</keyword><keyword>Planimetric</keyword><keyword>structure</keyword><keyword>imageryBaseMapsEarthCover</keyword><keyword>transportation</keyword></searchKeys><resConst><Consts><useLimit>&lt;DIV STYLE="text-align:Left;"&gt;&lt;DIV&gt;&lt;P&gt;&lt;SPAN&gt;Limited to use defined by the New York City Office of Technology &amp;amp; Innovation.&lt;/SPAN&gt;&lt;/P&gt;&lt;/DIV&gt;&lt;/DIV&gt;</useLimit></Consts></resConst><resConst><LegConsts><useLimit>See access and use constraints information.</useLimit></LegConsts></resConst><spatRpType><SpatRepTypCd value="001"/></spatRpType><dataExt><geoEle><GeoBndBox><westBL>-74.256724</westBL><eastBL>-73.698855</eastBL><southBL>40.496442</southBL><northBL>40.915138</northBL></GeoBndBox></geoEle><vertEle><vertMinVal>-16.8705</vertMinVal><vertMaxVal>2178.595</vertMaxVal></vertEle></dataExt><dataExt><geoEle><GeoBndBox><exTypeCode>true</exTypeCode><westBL>-74.256724</westBL><eastBL>-73.698855</eastBL><southBL>40.496442</southBL><northBL>40.915138</northBL></GeoBndBox></geoEle></dataExt><dataLang><languageCode value="eng"/><countryCode value="US"/></dataLang><envirDesc>Microsoft Windows 7 Version 6.1 (Build 7601) Service Pack 1; Esri ArcGIS 10.2.0.3348</envirDesc><dataExt><geoEle xmlns=""><GeoBndBox esriExtentType="search"><exTypeCode Sync="TRUE">1</exTypeCode><westBL Sync="TRUE">-74.256737</westBL><eastBL Sync="TRUE">-73.698855</eastBL><northBL Sync="TRUE">40.915138</northBL><southBL Sync="TRUE">40.496414</southBL></GeoBndBox></geoEle></dataExt><tpCat><TopicCatCd value="018"/></tpCat><tpCat><TopicCatCd value="010"/></tpCat><tpCat><TopicCatCd value="017"/></tpCat><tpCat><TopicCatCd value="006"/></tpCat></dataIdInfo><spatRepInfo><VectSpatRep><geometObjs Name="spot_elevation"><geoObjTyp><GeoObjTypCd value="004" Sync="TRUE"></GeoObjTypCd></geoObjTyp><geoObjCnt Sync="TRUE">0</geoObjCnt></geometObjs><topLvl><TopoLevCd value="001" Sync="TRUE"></TopoLevCd></topLvl></VectSpatRep></spatRepInfo><refSysInfo><RefSystem><refSysID><identCode code="2263"/><idCodeSpace>EPSG</idCodeSpace><idVersion>5.3(9.0.0)</idVersion></refSysID></RefSystem></refSysInfo><spdoinfo><ptvctinf><esriterm Name="spot_elevation"><efeatyp Sync="TRUE">Simple</efeatyp><efeageom code="1" Sync="TRUE"></efeageom><esritopo Sync="TRUE">FALSE</esritopo><efeacnt Sync="TRUE">0</efeacnt><spindex Sync="TRUE">FALSE</spindex><linrefer Sync="TRUE">FALSE</linrefer></esriterm></ptvctinf></spdoinfo></metadata>
