bin,doitt_id,created_date,last_edited_date,planimetrics_height
1090872,1288511,2019-02-27,2019-08-16,28.17719314
1090164,1282498,2017-10-02,2017-10-02,116.44625425
1000039,1286468,2018-08-29,2018-08-29,49.13117560
1795044,1287483,2018-10-26,2018-10-26,316.48859370
1089688,1280932,2017-05-17,2017-08-22,227.90804089
1090203,1279322,2017-03-17,2022-09-21,168.62268621
1088303,1276592,,2017-08-22,149.39742804
1089839,1273017,,2017-08-10,58.80352085
1090472,1284733,2018-05-16,2018-05-16,304.22119586
1089765,1282736,2017-11-01,2017-11-01,56.79498368
1090299,1281894,2017-08-11,2018-12-13,84.14762919
1088645,1284012,2018-02-26,2018-02-26,82.81036242
1026799,1285257,2018-06-26,2018-06-26,73.37416036
1090546,1283687,2018-02-08,2018-02-08,213.56975224
1090506,1283745,2018-02-09,2018-02-09,-52.57893189
1090247,1281379,2017-06-27,2017-08-10,36.10658332
1014279,1284914,2018-05-24,2018-05-24,150.94093785
1090574,1284045,2018-02-28,2019-01-22,361.70172904
1090871,1290016,2019-07-22,2019-08-16,28.91047853
1004520,1291862,2020-01-17,2020-01-17,66.12306032
1090946,505823,,2020-08-10,237.28617660
1090245,1281378,2017-06-27,2017-08-22,80.72674980
1090496,1272519,,2019-12-17,86.88108505
1090854,1289106,2019-04-12,2021-06-07,0.13476837
1091585,1294644,2021-06-09,2022-03-21,249.94315451
1089722,1272399,,2017-08-22,609.33196923
1090590,1286950,2018-10-01,2018-10-01,16.81249064
1090399,1282494,2017-10-02,2017-10-02,190.40246475
1089723,1272858,,2018-12-07,446.13028779
1090417,1282710,2017-10-30,2018-05-11,256.93541467
1090427,1283179,2017-12-05,2017-12-05,44.13631265
1090771,1283864,2018-02-15,2018-12-20,42.14863242
1089878,1273005,,2021-03-18,19.41816284
1090840,1288659,2019-03-13,2019-08-16,23.18376235
1090837,1288662,2019-03-13,2019-08-16,24.35590162
1089717,1272520,,2019-02-25,320.05298252
1089791,1272401,,2019-01-22,596.11440984
1090526,1262645,,2021-09-30,779.70033866
1090323,1281572,2017-07-18,2019-01-24,65.27277397
1090397,1282549,2017-10-03,2019-01-22,313.57003099
1090115,1286114,2018-08-13,2019-10-23,728.03544035
1083924,1273200,,2017-08-10,22.38022718
1088291,1273008,,2018-06-11,78.95074600
1090508,1283773,2018-02-12,2021-03-01,-0.94264790
1060055,1283720,2018-02-09,2021-03-29,14.27904009
1084666,1272494,,2017-08-22,113.68610698
1090324,1281569,2017-07-18,2018-01-08,73.59123612
1089857,1286990,2018-10-03,2018-10-03,56.81310000
1090970,1294112,2021-03-09,2021-04-05,15.83953807
1082663,1273270,,2017-08-22,14.32029609
1089849,1273016,,2017-08-10,63.54414715
1090098,1282987,2017-11-22,2017-11-22,75.97900138
1090484,1285266,2018-06-26,2018-06-26,97.16634559
1086891,1283740,2018-02-09,2023-12-12,14.55768259
1090160,1288435,2019-02-15,2019-08-16,23.00301048
1090877,1290801,2019-10-08,2019-12-04,76.04291819
1090463,1290796,2019-10-08,2019-12-04,249.38389228
1090838,1288663,2019-03-13,2019-08-16,20.27630760
1090920,1292574,2020-06-04,2020-06-04,317.75974607
1089785,1281891,2017-08-11,2019-10-17,112.21957914
1088841,1281401,2017-06-29,2019-01-22,497.37091478
1090308,1090308,2017-06-29,2019-01-22,84.03610254
1089690,1281874,2017-08-10,2019-01-22,53.78360615
1089762,1273007,,2019-01-22,226.72766627
1089701,1262136,,2019-01-22,456.01671957
1075697,1289765,2019-06-14,2019-08-16,37.76452449
1087858,1276856,,2019-10-24,109.56995739
1003822,1290544,2019-09-09,2019-12-05,11.46921926
1085631,1283734,2018-02-09,2023-12-12,15.10653214
1090761,1295339,2021-09-08,2021-09-08,170.37811071
1088982,1272393,,2017-08-22,160.95242618
1090159,1284915,2018-05-24,2018-05-24,81.60724169
1089716,1288500,2019-02-25,2019-08-16,332.81254902
1090470,1281236,2017-06-12,2019-02-15,83.24664863
1088258,1276684,,2017-08-10,7.85083499
1088687,1272517,,2018-08-29,168.60221113
1090167,1276244,,2017-08-22,-3.98471257
1795013,1273170,,2017-08-10,19.46914101
1795027,1273172,,2022-05-26,73.53525442
1090430,1283177,2017-12-05,2017-12-05,18.25556026
1090418,1283979,2018-02-23,2018-02-23,63.90047613
1043909,1284967,2018-05-29,2018-05-29,83.09526846
1090545,1283688,2018-02-08,2018-02-08,234.28509976
1024961,1283718,2018-02-09,2023-12-12,13.01308722
1090505,1283744,2018-02-09,2018-02-12,11.13075674
1088067,1281393,2017-06-28,2017-08-22,18.62993478
1090528,1281377,2017-06-27,2019-03-21,220.65671142
1090879,1290794,2019-10-08,2019-12-04,138.53053210
1090878,1290802,2019-10-08,2019-12-04,127.61761361
1090841,1288658,2019-03-13,2019-08-16,17.81090127
1038914,1262491,,2018-07-30,86.35123124
1089665,1262667,,2018-07-24,65.66499184
1090849,1285154,2018-06-18,2019-03-11,66.76730448
1090509,1283777,2018-02-12,2019-04-19,12.89809830
1090174,1280943,2017-05-22,2019-01-22,418.39593080
1090864,1285264,2018-06-26,2020-03-24,34.52864595
1088371,1281864,2017-08-07,2019-12-04,75.11880206
1090642,1288512,2019-02-27,2019-08-16,555.93990228
1089859,1277057,,2019-02-20,97.80393954
1080207,1286081,2018-08-10,2018-08-10,41.33642835
1089855,1286988,2018-10-03,2018-10-03,55.76325074
1089838,1273013,,2017-08-22,92.91418010
1090537,1283912,2018-02-20,2019-12-04,107.44346418
1090166,1276102,,2017-08-22,-1.12312660
1078922,1273248,,2017-08-10,5.45761554
1795020,1273171,,2018-12-07,18.97079363
1089854,1273014,,2018-05-14,47.47208428
1089362,1285262,2018-06-26,2022-04-07,84.56561596
1090426,1283180,2017-12-05,2017-12-05,43.34303350
1089766,1282737,2017-11-01,2017-11-01,55.18150883
1090432,1283174,2017-12-05,2017-12-05,67.51752348
1046293,1285260,2018-06-26,2018-06-26,209.48754053
1090510,1283781,2018-02-12,2018-02-12,15.27113817
1090330,1281531,2017-07-13,2018-12-07,75.57719667
1090488,850811,,2018-12-07,98.50233350
1090852,1288661,2019-03-13,2019-08-16,29.94287799
1090248,1281380,2017-06-27,2017-08-10,21.55755540
1090233,1281544,2017-07-14,2019-01-22,690.37304651
1089880,1283960,2018-02-22,2019-01-22,190.73830836
1090778,1284030,2018-02-27,2019-01-22,21.13938137
1088961,1284821,2018-05-21,2019-01-22,1253.07568458
1090144,1282495,2017-10-02,2019-01-22,76.19156867
1090398,1282547,2017-10-03,2019-01-22,99.71171236
1089737,1290725,2019-09-25,2023-02-09,72.82341863
1090640,1285174,2018-06-19,2019-12-04,62.99431652
1090158,1276887,,2019-03-15,381.63836960
1089870,1272959,,2017-08-22,60.46378634
1089837,1273011,,2018-08-22,121.66836842
1089856,1286989,2018-10-03,2018-10-03,56.45325074
1090822,1289927,2019-06-26,2019-12-04,98.28001792
1090711,1287603,2018-11-08,2018-11-08,388.87040001
1089382,1280934,2017-05-18,2017-08-22,206.83744336
1090190,1278871,2017-03-08,2018-12-19,442.18762309
1006763,1273272,,2017-08-22,16.40013524
1089848,1273015,,2017-08-10,44.63187035
1090433,1283175,2017-12-05,2017-12-08,28.56009015
1089764,1282739,2017-11-01,2018-12-07,56.79498368
1090431,1283171,2017-12-05,2017-12-05,28.37026119
1090429,1283173,2017-12-05,2017-12-05,30.01637052
1090715,1284010,2018-02-26,2018-10-03,66.55279532
1090338,1281783,2017-07-27,2017-08-22,80.22676359
1090507,1283771,2018-02-12,2023-12-12,12.98585073
1089911,1273203,,2019-01-22,75.05986714
1089989,1286082,2018-08-10,2019-03-05,76.59605457
1089474,1294638,2021-06-07,2021-06-07,165.90890542
1089803,1272481,,2017-08-22,528.43859249
1001991,1282445,2017-09-28,2017-09-28,12.01198644
1090420,1282896,2017-11-17,2017-11-17,80.44350401
1089861,1272866,,2018-07-25,12.19732228
1795001,1273167,,2017-08-10,35.85967745
1090425,1283178,2017-12-05,2017-12-05,24.47946438
1007348,1282740,2017-11-01,2017-11-01,92.07611148
1090517,1283804,2018-02-12,2023-12-12,9.66280299
1003693,1285259,2018-06-26,2018-06-26,28.40250411
1043908,1284966,2018-05-29,2018-05-29,81.33848738
1090246,1256145,,2017-08-22,28.83174980
1086433,1290490,2019-08-29,2019-12-05,7.34415238
1089972,1293489,2020-11-18,2023-11-02,996.96623007
1002429,1292812,2020-08-10,2020-08-10,60.12432673
1052432,1283737,2018-02-09,2020-11-16,16.24666337
1089411,1272515,,2021-03-03,882.20629973
1090789,1291533,2019-12-18,2024-04-30,75.62468965
1090855,1289107,2019-04-12,2021-06-07,1.68138990
1090696,1286113,2018-08-13,2018-08-13,73.08549671
1090971,1294113,2021-03-09,2021-04-05,8.37325919
1090215,1279527,2017-03-31,2018-12-07,-3.37292444
1084590,1273247,,2017-08-10,9.64407001
1795007,1273169,,2017-08-10,294.23370451
1089832,1273009,,2018-06-11,111.63497925
1089763,1282738,2017-11-01,2017-11-01,56.79498368
1090428,1283168,2017-12-05,2017-12-05,30.85709021
1090394,1283172,2017-12-05,2017-12-05,25.29190419
1089961,1282980,2017-11-22,2017-11-22,125.53911200
1090588,1284002,2018-02-23,2018-09-28,79.66276658
1089740,1283795,2018-02-12,2023-12-12,14.50998330
1048704,1285261,2018-06-26,2018-06-26,46.85529434
1090118,1283466,2018-01-03,2018-01-03,104.20783679
1089703,1264337,,2018-07-25,162.03256508
1090444,1290370,2019-08-15,2024-07-05,94.02834250
1090839,1288660,2019-03-13,2019-08-16,30.92770895
1089884,1292135,2020-02-24,2020-02-24,13.20418224
1089733,1287486,2018-10-29,2023-10-24,364.54449848
1089378,1281171,2017-06-07,2019-01-22,82.23001774
1083034,1285088,2018-06-08,2019-01-22,144.91253554
1090182,1282550,2017-10-03,2019-01-22,88.64551937
1089858,1282932,2017-11-21,2023-12-12,17.12199995
1051260,1294165,2021-03-22,2021-03-22,230.71456423
5170044,1283759,2018-02-12,2019-10-23,36.42998436
5169016,1283761,2018-02-12,2019-10-23,36.70559509
5157666,1288188,2019-01-03,2019-01-03,33.81355041
5170558,1288189,2019-01-03,2019-01-03,36.41842138
5140368,1283313,2017-12-15,2017-12-15,11.57622764
5158984,1262770,,2018-08-06,33.79362206
5157828,1257787,,2017-08-17,37.20256229
5068198,1285583,2018-07-09,2018-07-09,38.96825620
5164084,1285589,2018-07-09,2018-07-09,32.60559226
5142411,1285601,2018-07-09,2018-07-09,30.51496078
5164833,1285617,2018-07-09,2018-07-09,37.21327114
5148866,1282267,2017-09-15,2017-09-15,35.30970130
5148862,1282273,2017-09-15,2017-09-15,37.56229509
5148861,1282274,2017-09-15,2017-09-15,37.56229509
5158988,1282564,2017-10-04,2017-10-04,38.03429256
5159099,1282567,2017-10-04,2017-10-04,35.67072245
5168558,1281990,2017-08-21,2017-08-21,34.46707556
5166736,1281900,2017-08-11,2017-08-22,33.85352271
5163147,1285552,2018-07-06,2018-07-06,28.95672154
5090769,1285553,2018-07-06,2018-07-06,33.57452623
5148718,1281622,2017-07-19,2018-12-07,33.12415260
5148706,1281636,2017-07-19,2017-08-22,32.47209449
5171941,1291173,2019-11-08,2020-05-13,30.20496696
5031632,1291205,2019-11-13,2019-12-05,31.11916370
5165321,1288296,2019-01-28,2019-08-16,31.17684362
5171982,1285116,2018-06-14,2021-06-25,26.83395899
5122240,1285125,2018-06-14,2019-01-22,36.46177881
5122242,1285126,2018-06-14,2019-01-22,36.34672515
5174839,1292892,2020-08-14,2020-09-16,35.60873979
5081528,1293109,2020-09-18,2020-09-18,34.90323001
5169336,1279510,2017-03-29,2019-10-29,34.30798227
5053472,1290982,2019-10-24,2019-12-05,23.92853991
5156988,1291319,2019-11-21,2020-07-15,11.49280037
5142134,1286794,2018-09-19,2021-06-07,33.84390891
5142117,1288246,2019-01-17,2021-06-07,33.00196695
5171485,1283950,2018-02-22,2018-12-24,11.71754203
5165014,1283967,2018-02-22,2018-02-22,29.75774909
5162225,1281814,2017-08-01,2017-08-22,29.72372183
5162228,1281816,2017-08-01,2017-08-22,29.18625568
5067470,1285128,2018-06-14,2018-06-14,31.20498887
5164134,1285078,2018-06-08,2018-06-08,57.24000785
5166447,1272690,,2018-07-25,29.01282826
5171482,1287974,2018-12-11,2018-12-11,-4.46134681
5164150,1286079,2018-08-10,2018-08-10,30.76973844
5171165,1287046,2018-10-04,2018-10-04,11.27133777
5089052,1286606,2018-09-10,2018-09-10,38.50117316
5170704,1284639,2018-05-11,2018-05-11,31.43943064
5164744,1286766,2018-09-19,2018-09-19,31.52255173
5164978,1286457,2018-08-28,2018-08-28,33.93814992
5799501,1286520,2018-09-04,2018-12-07,17.89430571
5087744,1285947,2018-08-02,2018-08-02,39.49963295
5127311,1286801,2018-09-19,2018-09-19,19.69508911
5127315,1286806,2018-09-19,2018-09-19,19.69508911
5109485,1286554,2018-09-05,2018-09-05,39.69170001
5166310,1286447,2018-08-28,2018-08-28,12.90691022
5164986,1286455,2018-08-28,2018-08-28,10.58780170
5164979,1286456,2018-08-28,2018-08-28,33.93814992
5046276,1285680,2018-07-12,2018-07-12,33.36193040
5166376,1285681,2018-07-12,2018-12-07,29.30866663
5154837,1288240,2019-01-16,2023-03-13,20.39737470
5157665,1288187,2019-01-03,2019-01-03,34.25672420
5171480,1286031,2018-08-08,2018-12-24,11.64346447
5170352,1283358,2017-12-18,2017-12-18,7.22552539
5163219,1281091,2017-05-31,2017-08-22,35.22763021
5169683,1281092,2017-05-31,2017-08-22,35.02460910
5160436,1281093,2017-05-31,2017-08-22,31.22318657
5159212,1276811,,2017-08-10,36.71106346
5169217,1276815,,2017-08-10,8.10496943
5166478,1272634,,2017-08-10,36.60950981
5164627,1262771,,2018-08-06,37.04456400
5164555,1272443,,2018-08-03,33.24916985
5166308,1272450,,2018-07-25,38.21331565
5164389,1260789,,2018-07-26,34.63253792
5170605,1285581,2018-07-09,2018-07-09,27.39659805
5164235,1285584,2018-07-09,2018-07-09,34.38539506
5164398,1285597,2018-07-09,2018-07-09,36.16004844
5165007,1285653,2018-07-11,2018-07-11,31.27145921
5169517,1281989,2017-08-21,2017-08-21,34.46707556
5073665,1285554,2018-07-06,2018-07-06,34.00399392
5164962,1285555,2018-07-06,2018-07-06,31.27178071
5025360,1285556,2018-07-06,2018-07-06,35.54959138
5155715,1288096,2018-12-17,2019-08-22,14.08064399
5148780,1281645,2017-07-20,2021-02-23,30.76685939
5000817,1284482,2018-04-25,2021-02-23,30.37587675
5164798,1281510,2017-07-11,2018-10-03,22.95509066
5148711,1281631,2017-07-19,2017-08-22,32.67321055
5148710,1281632,2017-07-19,2017-08-22,34.58015986
5148709,1281633,2017-07-19,2017-08-22,34.58015986
5159135,1262345,,2018-12-07,32.67313296
5171660,1285591,2018-07-09,2019-03-18,33.29997024
5169847,1288298,2019-01-28,2023-07-06,31.06622623
5050220,1288952,2019-04-01,2019-08-16,27.82024044
5164530,1273195,,2019-10-30,49.02924006
5126607,1285695,2018-07-13,2019-01-24,34.20092391
5171096,1293130,2020-09-22,2020-09-22,36.18992029
5164885,1285850,2018-07-26,2019-10-28,33.98696307
5171652,1292922,2020-08-20,2022-08-29,61.27484562
5174603,1291863,2020-01-17,2021-05-18,37.94191709
5164533,1283973,2018-02-22,2018-02-22,35.74399115
5167658,1284358,2018-04-17,2018-04-17,34.90076191
5164867,1284426,2018-04-23,2018-07-03,20.72625512
5148779,1281646,2017-07-20,2017-08-22,30.76685939
5164133,1285077,2018-06-08,2018-12-07,58.92274984
5164135,1285079,2018-06-08,2018-06-08,56.93844069
5159206,1272691,,2018-07-17,37.60213904
5159207,1272692,,2018-07-17,37.81662898
5169550,1287394,2018-10-11,2018-10-11,13.80377647
5169346,1284543,2018-05-02,2018-05-02,36.88177054
5109098,1286563,2018-09-06,2018-09-06,27.88228620
5151970,1286585,2018-09-07,2018-09-07,43.75962239
5170565,1286604,2018-09-10,2018-09-10,32.54190167
5164613,1286618,2018-09-10,2018-09-10,28.00975764
5165076,1286892,2018-09-26,2018-09-26,30.90119283
5164746,1286768,2018-09-19,2018-09-19,30.65195305
5165126,1285946,2018-08-02,2018-08-02,38.28179482
5164981,1286452,2018-08-28,2018-08-28,36.15725282
5164985,1286453,2018-08-28,2018-08-28,17.18416808
5166375,1285682,2018-07-12,2018-07-12,29.30866663
5164384,1287487,2018-10-29,2018-10-29,19.61063577
5164386,1287489,2018-10-29,2018-10-29,20.64578195
5159211,1276812,,2017-08-10,38.24916423
5169218,1276816,,2017-08-10,4.94385465
5164626,1262769,,2018-08-06,33.60983459
5164578,1276207,,2018-03-20,37.58216737
5164146,1272512,,2018-05-11,31.26364466
5164556,1272444,,2018-08-03,33.24916985
5164777,1272447,,2018-08-03,38.07136458
5074091,1272457,,2018-07-27,31.42956164
5164914,1272458,,2018-07-27,29.73965808
5148865,1282269,2017-09-15,2017-09-15,34.28900877
5159086,1262295,,2017-11-17,31.27036574
5164592,1273112,,2018-06-14,33.84581046
5166676,1273114,,2018-07-25,21.78720286
5164085,1285590,2018-07-09,2018-07-09,32.27623537
5022669,1285550,2018-07-06,2018-07-06,37.19428892
5159042,1285579,2018-07-09,2018-07-09,39.68234253
5164363,1273111,,2021-02-23,33.11605014
5148697,1281585,2017-07-19,2017-08-22,34.50995617
5148696,1281587,2017-07-19,2017-08-22,34.50995617
5148695,1281592,2017-07-19,2018-12-07,34.14395905
5148712,1281630,2017-07-19,2017-08-22,32.67321055
5164851,1284828,2018-05-21,2018-05-21,35.17133503
5170115,1288490,2019-02-25,2019-08-16,29.59454191
5159140,1262342,,2018-12-07,35.82379172
5171739,1288567,2019-03-04,2019-08-16,13.34493741
5166424,1272683,,2019-03-06,26.85759398
5166313,1291180,2019-11-11,2019-12-05,35.76590170
5171814,1288973,2019-04-03,2019-08-16,14.52968664
5077690,1292420,2020-04-16,2020-04-16,31.20260001
5165320,1288299,2019-01-28,2023-07-06,12.12060587
5157072,1289057,2019-04-09,2019-08-16,11.01419317
5170476,1288702,2019-03-14,2019-08-16,37.51974078
5170474,1283922,2018-02-21,2019-10-23,53.76595225
5017365,1293619,2020-12-17,2020-12-17,40.11815240
5165223,1284158,2018-03-20,2018-03-20,35.65601973
5164549,1284181,2018-03-20,2018-03-20,38.53571205
5165012,1283964,2018-02-22,2018-02-22,30.23916143
5165015,1283965,2018-02-22,2018-02-22,28.40904614
5159012,1281957,2017-08-15,2018-12-07,36.93669001
5159014,1281959,2017-08-15,2018-12-07,34.32438866
5162227,1281815,2017-08-01,2017-08-22,29.18625568
5164372,1285111,2018-06-14,2018-06-14,36.27494967
5159539,1285113,2018-06-14,2018-06-14,42.65701478
5075150,1285114,2018-06-14,2018-06-14,32.17352188
5164870,1285115,2018-06-14,2018-06-14,31.40758782
5164550,1285118,2018-06-14,2018-06-14,32.58733592
5158967,1285119,2018-06-14,2018-06-14,36.72564029
5171966,1285592,2018-07-09,2021-04-29,29.20477447
5166482,1272637,,2017-08-10,36.23870174
5166420,1272684,,2018-07-24,33.45606561
5164136,1272689,,2018-07-25,28.81375877
5156256,1288090,2018-12-17,2018-12-17,39.10217541
5171199,1287956,2018-12-07,2018-12-07,11.73320530
5049604,1286080,2018-08-10,2018-08-10,30.76973844
5170593,1286295,2018-08-22,2018-08-22,35.73352765
5164956,1284540,2018-05-02,2018-05-02,33.56304158
5169532,1284544,2018-05-02,2018-05-02,33.07073549
5142532,1286713,2018-09-18,2018-12-24,12.07652278
5165075,1286893,2018-09-26,2018-09-26,30.90119283
5170334,1286928,2018-09-28,2018-09-28,34.16100883
5165828,1284483,2018-04-25,2018-04-25,30.80408592
5170508,1284485,2018-04-25,2018-04-25,15.90252831
5799516,1286534,2018-09-04,2018-12-07,18.89465017
5158271,1286398,2018-08-27,2018-08-27,38.63677471
5166789,1286433,2018-08-28,2018-12-10,27.93040490
5164983,1286449,2018-08-28,2018-08-28,30.11422072
5112058,1285957,2018-08-06,2018-08-06,32.38892259
5164890,1287517,2018-10-30,2018-10-30,36.45446718
5170533,1287518,2018-10-30,2018-10-30,10.26599021
5157663,1288185,2019-01-03,2019-01-03,30.06600480
5164709,1280925,2017-05-17,2017-08-22,26.80848836
5159214,1276810,,2017-08-10,32.00844336
5169219,1276817,,2017-08-10,6.36167908
5169215,1276822,,2017-08-10,10.15646486
5165195,1272602,,2018-07-12,36.58929876
5166477,1272630,,2017-08-10,34.81098589
5169164,1276228,,2017-08-10,12.30843279
5164551,1272445,,2018-08-03,31.67795893
5166302,1272453,,2018-09-05,36.39150378
5159085,1262296,,2017-11-17,31.27036574
5159083,1262298,,2017-11-17,31.27036574
5159660,1285587,2018-07-09,2018-07-09,32.74705753
5003023,1285600,2018-07-09,2018-07-09,34.89677973
5169361,1282220,2017-09-12,2017-09-12,28.78873246
5159098,1282568,2017-10-04,2017-10-04,35.67072245
5166735,1281901,2017-08-11,2017-08-22,33.85352271
5170714,1285548,2018-07-06,2018-07-06,30.03355586
5163146,1285551,2018-07-06,2018-07-06,30.20418198
5049495,1285558,2018-07-06,2018-07-06,34.07006618
5162252,1285561,2018-07-06,2018-07-06,30.40156022
5162250,1285574,2018-07-09,2018-07-09,30.83264418
5164375,1285575,2018-07-09,2018-12-07,33.96434096
5164868,1281506,2017-07-10,2018-07-03,20.72625512
5164797,1281509,2017-07-11,2017-08-22,28.93033340
5148699,1281584,2017-07-19,2017-08-22,31.01373613
5148716,1281626,2017-07-19,2018-12-07,31.77744331
5148708,1281634,2017-07-19,2017-08-22,32.74461574
5169904,1281404,2017-06-29,2017-08-10,16.83605241
5159143,1262339,,2018-08-02,34.34472093
5164953,1291207,2019-11-13,2019-12-05,34.67754556
5169321,1291176,2019-11-11,2024-04-19,8.91498935
5164544,1288244,2019-01-17,2019-03-22,34.08146227
5045713,97432,,2018-07-30,40.98523375
5054885,1288910,2019-03-29,2019-08-16,32.47188070
5169227,1288704,2019-03-14,2019-08-16,37.46348748
5171220,186278,,2018-10-12,52.54243461
5166360,1280927,2017-05-17,2019-10-30,18.92423189
5117015,1290888,2019-10-17,2019-12-05,32.86489542
5174995,1296153,2021-12-16,2023-06-12,32.54408205
5171276,1293303,2020-10-29,2020-10-29,34.67399456
5171303,1287748,2018-11-23,2019-01-22,37.39672342
5166421,1272698,,2018-06-13,33.16991269
5171969,1285181,2018-06-19,2021-06-25,36.80130960
5165149,1291168,2019-11-08,2020-12-30,33.07145702
5167637,1284362,2018-04-17,2018-04-17,34.01259109
5159011,1281956,2017-08-15,2018-12-07,33.63584991
5170109,1281968,2017-08-17,2017-08-17,37.34239186
5148705,1281637,2017-07-19,2017-08-22,32.47209449
5087217,1285127,2018-06-14,2018-06-14,31.14560142
5148703,1281639,2017-07-19,2017-08-22,32.47209449
5166473,1272632,,2017-08-10,37.37507774
5156879,1288089,2018-12-17,2018-12-17,39.10217541
5168749,1287980,2018-12-11,2021-10-20,42.46786920
5169345,1284541,2018-05-02,2018-05-02,33.71295822
5139624,1286548,2018-09-05,2018-09-05,17.86286152
5166155,1289973,2019-07-05,2022-10-31,201.02256922
5165802,1286617,2018-09-10,2018-09-10,26.70119044
5164743,1286765,2018-09-19,2018-09-19,34.40873170
5164745,1286767,2018-09-19,2018-09-19,30.58032571
5164749,1286771,2018-09-19,2018-09-19,31.38115605
5170513,1284486,2018-04-25,2018-12-07,10.95888429
5069635,1286552,2018-09-05,2018-09-05,19.51460566
5166022,1286448,2018-08-28,2018-08-28,33.51655199
5171489,1285862,2018-07-27,2018-12-24,21.01871753
5158811,1287503,2018-10-30,2018-10-30,27.99044170
5166855,1287509,2018-10-30,2018-10-30,34.14120376
5171160,1287520,2018-10-30,2018-10-30,16.03926293
5171243,1287527,2018-10-30,2018-10-30,23.06397711
5048690,1286032,2018-08-08,2018-08-08,29.49771429
5169222,1276825,,2017-08-10,7.00317654
5166474,1272633,,2017-08-10,34.81098589
5166301,1272451,,2018-09-05,35.82694058
5164916,1272456,,2018-07-27,30.67573526
5164593,1273113,,2018-06-14,37.84143038
5159040,1285582,2018-07-09,2018-12-07,27.39659805
5169151,1285585,2018-07-09,2018-07-09,28.93755104
5169147,1285586,2018-07-09,2018-07-09,21.15241627
5041793,1285652,2018-07-11,2018-07-11,32.41463901
5799505,1282176,2017-09-07,2017-09-07,22.36227911
5164374,1285576,2018-07-09,2018-12-07,33.96434096
5164373,1285577,2018-07-09,2018-07-09,38.28121587
5159043,1285578,2018-07-09,2018-07-09,38.76515799
5075123,1285983,2018-08-06,2021-02-23,33.70000455
5170004,1281512,2017-07-11,2017-08-22,22.38517622
5158282,1281520,2017-07-12,2017-08-22,35.43539650
5148700,1281580,2017-07-19,2017-08-22,31.01373613
5148713,1281629,2017-07-19,2017-08-22,32.67321055
5148715,1281627,2017-07-19,2017-08-22,31.77744331
5159142,1262340,,2018-12-07,34.34472093
5151744,1288953,2019-04-01,2019-08-16,48.23483687
5171919,1291326,2019-11-22,2020-04-16,13.20055590
5164546,1288243,2019-01-17,2021-06-07,34.14076861
5164539,1288248,2019-01-17,2021-06-07,35.40507528
5172075,1294645,2021-06-09,2021-06-21,36.01199200
5082355,1285324,2018-06-28,2018-06-28,36.94575595
5167654,1284353,2018-04-17,2018-04-17,32.28379293
5170529,1284421,2018-04-23,2018-04-23,33.29548421
5159010,1281955,2017-08-15,2018-12-07,33.63584991
5165072,1281969,2017-08-17,2017-08-17,36.72837602
5023333,1285112,2018-06-14,2018-06-14,45.83601683
5045421,1285120,2018-06-14,2018-06-14,33.79152925
5166729,1285121,2018-06-14,2018-06-14,31.47278755
5164129,1285073,2018-06-08,2018-06-08,33.00895532
5164131,1285075,2018-06-08,2018-06-08,39.86008023
5054282,1286890,2018-09-26,2019-03-15,31.18193413
5166479,1272638,,2017-08-10,38.43615132
5166481,1272631,,2017-08-10,36.23870174
5171166,1287050,2018-10-04,2018-10-04,20.03827210
5169530,1284545,2018-05-02,2018-05-02,32.53811837
5062071,1286591,2018-09-07,2018-09-07,26.00256016
5170744,1284588,2018-05-07,2018-05-10,19.35620665
5164816,1284641,2018-05-11,2018-05-11,31.81875578
5164815,1284642,2018-05-11,2018-05-11,30.55958499
5171476,1286889,2018-09-26,2018-12-24,39.11854554
5165117,1286927,2018-09-28,2018-09-28,34.16100883
5799502,1286523,2018-09-04,2018-12-07,34.22987609
5170488,1284478,2018-04-25,2018-04-25,46.26460598
5127312,1286802,2018-09-19,2018-09-19,19.69508911
5127313,1286803,2018-09-19,2018-09-19,19.69508911
5036681,1286545,2018-09-05,2018-09-05,24.61631960
5166020,1286445,2018-08-28,2018-08-28,34.11390538
5164984,1286451,2018-08-28,2018-08-28,17.18416808
5166849,1287508,2018-10-30,2018-10-30,27.20897578
5166852,1287513,2018-10-30,2018-10-30,39.86795002
5166851,1287514,2018-10-30,2018-10-30,41.57352072
5164887,1287522,2018-10-30,2018-10-30,40.79316732
5164755,1272441,,2018-08-03,35.60592521
5164554,1272442,,2018-08-03,35.60592521
5158975,1272454,,2018-07-25,35.32169522
5164915,1272459,,2018-07-27,30.23039392
5166626,1272982,,2018-06-14,30.89211214
5157830,1257779,,2017-08-17,35.89295237
5159041,1285580,2018-07-09,2018-07-09,39.68234253
5171298,1285593,2018-07-09,2018-11-14,36.15083709
5080269,1285596,2018-07-09,2018-07-09,38.02053232
5159101,1282565,2017-10-04,2017-10-04,35.67072245
5166657,1281988,2017-08-21,2017-08-22,35.86171869
5170702,1285549,2018-07-06,2018-07-06,30.97829602
5162251,1285560,2018-07-06,2018-07-06,34.80665509
5148694,1281593,2017-07-19,2017-08-22,34.14395905
5148707,1281635,2017-07-19,2017-08-22,32.74461574
5164852,1284827,2018-05-21,2018-05-21,33.94255882
5164821,1264435,,2018-08-08,29.49771429
5159137,1262343,,2018-12-07,35.46908563
5159136,1262344,,2018-12-07,35.82379172
5165087,1263983,,2018-07-12,28.15987255
5157073,1289061,2019-04-09,2019-08-16,9.99706679
5167676,1288716,2019-03-14,2019-08-16,18.68920351
5105346,1290944,2019-10-21,2019-12-05,31.39911441
5126605,1285694,2018-07-13,2019-01-24,37.94592286
5175242,1296152,2021-12-16,2023-06-12,31.02935391
5170536,1273290,,2019-10-24,42.44228255
5166659,1272983,,2018-06-14,30.16800089
5171923,1291946,2020-01-29,2020-01-29,15.23971025
5164547,1288245,2019-01-17,2021-06-07,33.00196695
5084690,1294067,2021-03-02,2021-09-01,20.98382939
5158987,1282563,2017-10-04,2019-01-22,52.31715068
5170654,1284333,2018-04-13,2024-02-28,32.77038176
5169750,1293823,2021-01-21,2021-01-21,35.42913006
5167636,1284361,2018-04-17,2018-04-17,32.35929303
5164379,1284425,2018-04-23,2018-04-23,29.58152623
5159015,1281960,2017-08-15,2018-12-07,34.32438866
5015180,1285109,2018-06-14,2018-06-14,50.51278386
5161230,1285179,2018-06-19,2018-06-19,40.31282010
5164130,1285074,2018-06-08,2018-06-08,39.37754171
5166488,1272642,,2018-12-07,34.58988646
5166486,1272645,,2018-12-07,33.75268037
5166570,1272682,,2018-08-03,33.96177165
5169496,1287979,2018-12-11,2021-10-20,42.60072784
5169033,1287384,2018-10-11,2018-10-11,26.37000704
5168565,1287044,2018-10-04,2018-10-04,36.86338816
5165203,1287045,2018-10-04,2018-10-04,36.86338816
5164935,1287048,2018-10-04,2018-10-04,30.75887184
5089051,1286607,2018-09-10,2018-09-10,37.60605451
5164818,1284640,2018-05-11,2018-05-11,27.30453335
5164747,1286769,2018-09-19,2018-09-19,31.96745271
5799504,1286526,2018-09-04,2018-12-07,32.33522317
5158649,1285949,2018-08-02,2018-08-02,39.00694515
5171481,1285951,2018-08-02,2018-12-26,34.46538135
5127314,1286804,2018-09-19,2018-09-19,19.69508911
5799523,1286538,2018-09-04,2018-12-07,40.66978656
5109468,1286553,2018-09-05,2018-12-07,38.49597001
5171488,1285863,2018-07-27,2018-12-24,12.47195424
5171487,1285864,2018-07-27,2018-12-24,12.47195424
5166377,1285679,2018-07-12,2018-07-12,33.36193040
5164385,1287488,2018-10-29,2018-10-29,44.65908992
5158810,1287507,2018-10-30,2018-10-30,28.89746591
5166853,1287512,2018-10-30,2018-10-30,38.39187221
5164889,1287521,2018-10-30,2018-10-30,36.42583125
5171161,1287524,2018-10-30,2018-10-30,18.25884987
5166660,154732,,2019-12-05,35.27787237
5170117,1282450,2017-09-28,2017-10-18,15.77140000
5166914,1282506,2017-10-03,2018-12-07,38.78983154
5169741,1276565,,2017-09-07,18.96763105
5166307,1272449,,2018-07-25,38.18714400
5158974,1272455,,2018-07-25,35.32169522
5157829,1257785,,2017-08-17,35.89295237
5157827,1257786,,2017-08-17,37.64709054
5157831,1257778,,2017-08-17,37.39861258
5159082,1262299,,2017-11-17,36.04248585
5164397,1285595,2018-07-09,2018-07-09,37.16846686
5158769,1285615,2018-07-09,2018-07-09,34.66722642
5162677,1285616,2018-07-09,2018-07-09,21.81930535
5164238,1285618,2018-07-09,2018-07-09,37.48657200
5164894,1282218,2017-09-12,2017-09-12,28.91986310
5164903,1282219,2017-09-12,2017-09-12,28.18434615
5148864,1282270,2017-09-15,2017-09-15,35.68309233
5148863,1282271,2017-09-15,2017-09-15,35.68309233
5165091,1282074,2017-08-31,2017-08-31,35.84038155
5164817,1285559,2018-07-06,2018-07-06,34.80665509
5162249,1285573,2018-07-09,2018-07-09,30.83264418
5148717,1281624,2017-07-19,2021-02-23,33.12415260
5158973,1281505,2017-07-10,2017-08-22,0.77597886
5169982,1281521,2017-07-12,2017-08-22,34.52100026
5148701,1281579,2017-07-19,2017-08-22,32.31300576
5148714,1281628,2017-07-19,2017-08-22,32.67321055
5165172,1281368,2017-06-23,2017-08-22,35.97862943
5159562,1291078,2019-10-31,2019-12-05,39.70413904
5144501,1281389,2017-06-28,2017-08-17,12.28231707
5166152,1281391,2017-06-28,2017-08-22,35.51275262
5166271,1272641,,2019-04-01,38.43615132
5171984,1283949,2018-02-22,2021-06-25,37.57037689
5169201,1292161,2020-02-26,2020-02-26,37.07543873
5171937,1290873,2019-10-16,2020-05-13,31.19942222
5165200,1290858,2019-10-15,2019-12-05,41.27205161
5172051,1293365,2020-11-05,2020-11-05,37.79071549
5122848,1294426,2021-05-07,2021-05-07,27.02740001
5171291,1287741,2018-11-23,2019-01-22,47.71193152
5165933,1264504,,2019-01-22,63.50643572
5170825,1292807,2020-08-07,2020-08-07,32.19009497
5164540,1288247,2019-01-17,2021-06-07,35.40507528
5167656,1284356,2018-04-17,2018-04-17,33.95743588
5164377,1284422,2018-04-23,2018-04-23,33.29548421
5164378,1284424,2018-04-23,2018-04-23,29.58152623
5159016,1281961,2017-08-15,2018-12-07,35.47564169
5162226,1281813,2017-08-01,2017-08-22,29.64054933
5064681,1285117,2018-06-14,2018-06-14,31.37348189
5164396,1285123,2018-06-14,2018-06-14,34.59946558
5164395,1285124,2018-06-14,2018-06-14,33.91814546
5161229,1285180,2018-06-19,2018-06-19,36.80130960
5164128,1285072,2018-06-08,2018-06-08,33.05321989
5166480,1272636,,2017-08-10,36.23870174
5166485,1272643,,2017-08-10,36.05150408
5171164,1287047,2018-10-04,2018-10-04,30.75887184
5170594,1286986,2018-10-03,2018-10-03,31.20795813
5170595,1286987,2018-10-03,2018-10-03,16.93148540
5073197,1286562,2018-09-06,2018-09-06,18.53961991
5087028,1286894,2018-09-26,2018-09-26,22.75938110
5170614,1284477,2018-04-25,2018-05-02,21.23659348
5164594,1285926,2018-07-31,2018-07-31,36.99824603
5166395,1285950,2018-08-02,2018-12-26,34.73521750
5158272,1286401,2018-08-27,2018-08-27,38.60649016
5158269,1286406,2018-08-27,2018-08-27,38.53760148
5164980,1286454,2018-08-28,2018-08-28,36.15725282
5044235,1285857,2018-07-26,2018-07-26,34.88167692
5158554,1285858,2018-07-26,2018-12-07,26.87678801
5171486,1285865,2018-07-27,2018-12-26,9.34877206
5166848,1287510,2018-10-30,2018-10-30,34.84635191
5166850,1287515,2018-10-30,2018-10-30,36.79630465
5170532,1287523,2018-10-30,2018-10-30,10.90232626
5169015,1283760,2018-02-12,2019-10-23,36.80859673
5157664,1288186,2019-01-03,2019-01-03,33.52309142
5170557,1288190,2019-01-03,2019-01-03,32.56587138
5171479,1286030,2018-08-08,2018-12-24,35.19679176
5155083,1272897,,2017-08-10,12.48779627
5166476,1272639,,2017-08-10,34.81098589
5166475,1272640,,2017-08-10,34.81098589
5159081,1262300,,2017-11-17,36.04248585
5164552,1272446,,2018-08-03,31.67795893
5164553,1272448,,2018-08-03,38.07136458
5159316,1272452,,2018-09-05,35.82694058
5164936,1272981,,2017-08-22,34.31248874
5159084,1262297,,2017-11-17,31.27036574
5159661,1285588,2018-07-09,2018-07-09,14.17571339
5159100,1282566,2017-10-04,2017-10-04,35.67072245
5042981,1285562,2018-07-06,2018-07-06,30.30703741
5148702,1281577,2017-07-19,2017-08-22,32.31300576
5169907,1281405,2017-06-29,2017-08-22,36.73930268
5159141,1262341,,2018-12-07,36.53320390
5153475,1291199,2019-11-12,2021-10-01,16.65408006
5169901,1291169,2019-11-08,2019-12-05,38.52712967
5165322,1288297,2019-01-28,2023-07-07,13.03818503
5166305,1288300,2019-01-28,2019-08-16,47.29156087
5171851,1288903,2019-03-28,2019-08-16,11.57876000
5169228,1288703,2019-03-14,2019-08-16,37.51974078
5169045,1288696,2019-03-14,2019-08-16,38.33732691
5037186,1293855,2021-01-26,2022-07-14,52.81429752
5141150,905051,,2018-07-19,28.17425144
5171360,1287804,2018-11-26,2019-01-22,40.22005646
5159977,1254713,,2019-10-16,6.54265308
5172030,1291305,2019-11-21,2020-07-15,31.43178062
5171653,1294463,2021-05-15,2021-05-21,46.60161143
5172069,1294320,2021-04-20,2021-06-03,13.51039613
5159332,1285557,2018-07-06,2024-05-17,56.23190008
5165013,1283966,2018-02-22,2018-02-22,28.44223756
5164534,1283971,2018-02-22,2018-02-22,35.74399115
5167655,1284355,2018-04-17,2018-04-17,32.28379293
5167657,1284357,2018-04-17,2018-04-17,33.95743588
5167659,1284359,2018-04-17,2018-04-17,34.90076191
5159013,1281958,2017-08-15,2018-12-07,36.93669001
5148704,1281638,2017-07-19,2017-08-22,32.47209449
5113073,1285108,2018-06-14,2018-06-14,71.55270996
5165171,1281367,2017-06-23,2021-02-23,36.49459433
5164132,1285076,2018-06-08,2018-12-07,39.36993316
5166483,1272635,,2017-08-10,36.23870174
5166487,1272644,,2018-12-07,32.29840584
5160995,1272681,,2018-08-03,33.69879024
5171162,1287392,2018-10-11,2018-10-11,26.93927677
5164934,1287049,2018-10-04,2018-10-04,32.68315279
5169533,1284542,2018-05-02,2018-05-02,36.40859390
5165074,1286891,2018-09-26,2018-12-07,31.18193413
5164748,1286770,2018-09-19,2018-09-19,31.81196867
5164750,1286772,2018-09-19,2018-09-19,31.22567201
5799509,1286530,2018-09-04,2018-12-07,19.67328155
5165827,1284484,2018-04-25,2018-04-25,35.67585779
5165037,1285915,2018-07-30,2018-07-30,40.98523375
5065532,1285923,2018-07-31,2018-12-07,35.02495812
5087752,1285948,2018-08-02,2018-08-02,36.21689951
5799515,1286533,2018-09-04,2018-12-07,21.56519627
5125571,1286551,2018-09-05,2018-09-05,17.89576062
5158270,1286405,2018-08-27,2018-12-07,38.50969892
5166021,1286446,2018-08-28,2018-08-28,32.78274767
5164982,1286450,2018-08-28,2018-08-28,34.11274817
5045959,1285832,2018-07-25,2018-07-25,21.42226181
5084328,1285851,2018-07-26,2018-07-26,32.15844595
5158812,1287506,2018-10-30,2018-10-30,27.43908621
5166854,1287511,2018-10-30,2018-10-30,33.40836482
5164888,1287519,2018-10-30,2018-10-30,38.70761719
5170592,1286294,2018-08-22,2018-08-22,44.14373084
