<?xml version="1.0" encoding="UTF-8"?>
<metadata xml:lang="en"><Esri><CreaDate>20241218</CreaDate><CreaTime>10465800</CreaTime><ArcGISFormat>1.0</ArcGISFormat><SyncOnce>TRUE</SyncOnce><DataProperties><lineage><Process ToolSource="c:\program files\arcgis\pro\Resources\ArcToolbox\toolboxes\Conversion Tools.tbx\ExportFeatures" Date="20241218" Time="104658">ExportFeatures BLDG.BUILDING C:\gis\geodatabase-buildings-height\data\building3.shp # NOT_USE_ALIAS "NAME "NAME" true true false 50 Text 0 0,First,#,BLDG.BUILDING,NAME,0,49;BIN "BIN_NUMBER" true true false 4 Long 0 10,First,#,BLDG.BUILDING,BIN,-1,-1;BASE_BBL "BASE BBL" true true false 10 Text 0 0,First,#,BLDG.BUILDING,BASE_BBL,0,9;CONSTRUCTION_YEAR "CONSTRUCTION_YEAR" true true false 4 Long 0 10,First,#,BLDG.BUILDING,CONSTRUCTION_YEAR,-1,-1;GEOM_SOURCE "GEOM_SOURCE" true true false 15 Text 0 0,First,#,BLDG.BUILDING,GEOM_SOURCE,0,14;LAST_STATUS_TYPE "LAST_STATUS_TYPE" true true false 255 Text 0 0,First,#,BLDG.BUILDING,LAST_STATUS_TYPE,0,254;DOITT_ID "DOITT_ID" true true false 4 Long 0 10,First,#,BLDG.BUILDING,DOITT_ID,-1,-1;HEIGHT_ROOF "HEIGHT_ROOF" true true false 8 Double 8 38,First,#,BLDG.BUILDING,HEIGHT_ROOF,-1,-1;FEATURE_CODE "FEATURE_CODE" true true false 2 Short 0 5,First,#,BLDG.BUILDING,FEATURE_CODE,-1,-1;STATUS "STATUS" true true false 16 Text 0 0,First,#,BLDG.BUILDING,STATUS,0,15;GROUND_ELEVATION "GROUND_ELEVATION" true true false 4 Long 0 10,First,#,BLDG.BUILDING,GROUND_ELEVATION,-1,-1;CREATED_USER "CREATED_USER" false true false 255 Text 0 0,First,#,BLDG.BUILDING,CREATED_USER,0,254;CREATED_DATE "CREATED_DATE" false true false 8 Date 0 0,First,#,BLDG.BUILDING,CREATED_DATE,-1,-1;LAST_EDITED_USER "LAST_EDITED_USER" false true false 255 Text 0 0,First,#,BLDG.BUILDING,LAST_EDITED_USER,0,254;LAST_EDITED_DATE "LAST_EDITED_DATE" false true false 8 Date 0 0,First,#,BLDG.BUILDING,LAST_EDITED_DATE,-1,-1;ADDRESSABLE "ADDRESSABLE" true true false 1 Text 0 0,First,#,BLDG.BUILDING,ADDRESSABLE,0,254;MAPPLUTO_BBL "MAPPLUTO BBL" true true false 10 Text 0 0,First,#,BLDG.BUILDING,MAPPLUTO_BBL,0,9;CONDO_FLAGS "CONDO FLAGS" true true false 1 Text 0 0,First,#,BLDG.BUILDING,CONDO_FLAGS,0,254;ALTERATION_YEAR "ALTERATION_YEAR" true true false 4 Long 0 10,First,#,BLDG.BUILDING,ALTERATION_YEAR,-1,-1;GLOBALID "GLOBALID" false false true 38 Text 0 0,First,#,BLDG.BUILDING,GLOBALID,-1,-1" #</Process></lineage></DataProperties></Esri></metadata>
